{
  "classname": "CCNode",
  "name": null,
  "canedit": true,
  "objecttag": 1,
  "rotation": 0,
  "scalex": 1,
  "scaley": 1,
  "visible": 1,
  "x": 0,
  "y": 0,
  "zorder": 1,
  "gameobjects": [
    {
      "__type": "ComGameObjectSurrogate:#EditorCommon.JsonModel",
      "classname": "CCNode",
      "name": null,
      "canedit": true,
      "objecttag": 1,
      "rotation": 0,
      "scalex": 1,
      "scaley": 1,
      "visible": 1,
      "x": 0,
      "y": 0,
      "zorder": 1,
      "gameobjects": [
        {
          "__type": "ComGameObjectSurrogate:#EditorCommon.JsonModel",
          "classname": "CCNode",
          "name": null,
          "canedit": true,
          "objecttag": 1,
          "rotation": 0,
          "scalex": 1,
          "scaley": 1,
          "visible": 1,
          "x": 128,
          "y": 113,
          "zorder": 1,
          "gameobjects": [],
          "components": [
            {
              "__type": "ComArmatureAdapterSurrogate:#EditorCommon.JsonModel.Component",
              "classname": "CCArmature",
              "name": "CCArmature",
              "file": null,
              "fileData": {
                "path": "ExportAction/Action.ExportJson",
                "plistFile": null,
                "resourceType": 0
              },
              "selectedactionname": "Action1"
            }
          ]
        }
      ],
      "components": [
        {
          "__type": "ComGUIAdapterSurrogate:#EditorCommon.JsonModel.Component",
          "classname": "GUIComponent",
          "name": "GUIComponent",
          "file": null,
          "fileData": {
            "path": "MysticalCard_1/MysticalCard_1.json",
            "plistFile": null,
            "resourceType": 0
          }
        }
      ]
    }
  ],
  "CanvasSize": {
    "_height": 480,
    "_width": 720
  },
  "Version": "1.1.0.0",
  "components": [
    {
      "__type": "ComSceneSurrogate:#EditorCommon.JsonModel.Component",
      "classname": "CCScene",
      "name": "CCScene",
      "scenename": "McScene"
    },
    {
      "__type": "ComSimpleAudioSurrogate:#EditorCommon.JsonModel.Component",
      "classname": "CCBackgroundAudio",
      "name": "CCBackgroundAudio",
      "file": null,
      "fileData": {
        "path": null,
        "plistFile": null,
        "resourceType": 0
      },
      "loop": 0
    }
  ]
}