{
  "classname": null,
  "name": null,
  "animation": {
    "classname": null,
    "name": "AnimationManager",
    "actionlist": []
  },
  "designHeight": 480,
  "designWidth": 720,
  "textures": [],
  "version": "1.1.0.0",
  "widgetTree": {
    "classname": "Panel",
    "name": null,
    "children": [
      {
        "classname": "ImageView",
        "name": null,
        "children": [
          {
            "classname": "Button",
            "name": null,
            "children": [],
            "options": {
              "__type": "ComGUIButtonSurrogate:#EditorCommon.JsonModel.Component.GUI",
              "classname": "Button",
              "name": "btnSns",
              "ZOrder": 0,
              "actiontag": 21,
              "anchorPointX": 0.5,
              "anchorPointY": 0.5,
              "classType": null,
              "colorB": 255,
              "colorG": 255,
              "colorR": 255,
              "flipX": false,
              "flipY": false,
              "height": 99,
              "ignoreSize": true,
              "layoutParameter": null,
              "opacity": 255,
              "positionPercentX": 0.420572728,
              "positionPercentY": -0.419140458,
              "positionType": 0,
              "rotation": 0,
              "scaleX": 1,
              "scaleY": 1,
              "sizePercentX": 0.16,
              "sizePercentY": 0.149999991,
              "sizeType": 0,
              "tag": 3,
              "touchAble": true,
              "useMergedTexture": false,
              "visible": true,
              "width": 149,
              "x": 403,
              "y": -268,
              "capInsetsHeight": 23.333334,
              "capInsetsWidth": 36.6666679,
              "capInsetsX": 36.6666679,
              "capInsetsY": 23.333334,
              "disabled": null,
              "disabledData": {
                "path": null,
                "plistFile": null,
                "resourceType": 0
              },
              "normal": null,
              "normalData": {
                "path": "sns.png",
                "plistFile": null,
                "resourceType": 0
              },
              "pressed": null,
              "pressedData": {
                "path": "sns_selected.png",
                "plistFile": null,
                "resourceType": 0
              },
              "scale9Enable": false,
              "scale9Height": 99,
              "scale9Width": 149
            }
          },
          {
            "classname": "Button",
            "name": null,
            "children": [],
            "options": {
              "__type": "ComGUIButtonSurrogate:#EditorCommon.JsonModel.Component.GUI",
              "classname": "Button",
              "name": "btnCardGroup",
              "ZOrder": 0,
              "actiontag": 22,
              "anchorPointX": 0.5,
              "anchorPointY": 0.5,
              "classType": null,
              "colorB": 255,
              "colorG": 255,
              "colorR": 255,
              "flipX": false,
              "flipY": false,
              "height": 99,
              "ignoreSize": true,
              "layoutParameter": null,
              "opacity": 255,
              "positionPercentX": 0.2541665,
              "positionPercentY": -0.419140458,
              "positionType": 0,
              "rotation": 0,
              "scaleX": 1,
              "scaleY": 1,
              "sizePercentX": 0.16,
              "sizePercentY": 0.149999991,
              "sizeType": 0,
              "tag": 4,
              "touchAble": true,
              "useMergedTexture": false,
              "visible": true,
              "width": 149,
              "x": 243,
              "y": -268,
              "capInsetsHeight": 23.333334,
              "capInsetsWidth": 36.6666679,
              "capInsetsX": 36.6666679,
              "capInsetsY": 23.333334,
              "disabled": null,
              "disabledData": {
                "path": null,
                "plistFile": null,
                "resourceType": 0
              },
              "normal": null,
              "normalData": {
                "path": "card_grounp.png",
                "plistFile": null,
                "resourceType": 0
              },
              "pressed": null,
              "pressedData": {
                "path": "card_group_selected.png",
                "plistFile": null,
                "resourceType": 0
              },
              "scale9Enable": false,
              "scale9Height": 99,
              "scale9Width": 149
            }
          },
          {
            "classname": "Button",
            "name": null,
            "children": [],
            "options": {
              "__type": "ComGUIButtonSurrogate:#EditorCommon.JsonModel.Component.GUI",
              "classname": "Button",
              "name": "btnShop",
              "ZOrder": 0,
              "actiontag": 23,
              "anchorPointX": 0.5,
              "anchorPointY": 0.5,
              "classType": null,
              "colorB": 255,
              "colorG": 255,
              "colorR": 255,
              "flipX": false,
              "flipY": false,
              "height": 99,
              "ignoreSize": true,
              "layoutParameter": null,
              "opacity": 255,
              "positionPercentX": 0.08828107,
              "positionPercentY": -0.419140458,
              "positionType": 0,
              "rotation": 0,
              "scaleX": 1,
              "scaleY": 1,
              "sizePercentX": 0.16,
              "sizePercentY": 0.149999991,
              "sizeType": 0,
              "tag": 5,
              "touchAble": true,
              "useMergedTexture": false,
              "visible": true,
              "width": 149,
              "x": 84,
              "y": -268,
              "capInsetsHeight": 23.333334,
              "capInsetsWidth": 36.6666679,
              "capInsetsX": 36.6666679,
              "capInsetsY": 23.333334,
              "disabled": null,
              "disabledData": {
                "path": null,
                "plistFile": null,
                "resourceType": 0
              },
              "normal": null,
              "normalData": {
                "path": "shop.png",
                "plistFile": null,
                "resourceType": 0
              },
              "pressed": null,
              "pressedData": {
                "path": "shop_selected.png",
                "plistFile": null,
                "resourceType": 0
              },
              "scale9Enable": false,
              "scale9Height": 99,
              "scale9Width": 149
            }
          },
          {
            "classname": "Button",
            "name": null,
            "children": [],
            "options": {
              "__type": "ComGUIButtonSurrogate:#EditorCommon.JsonModel.Component.GUI",
              "classname": "Button",
              "name": "btnMenu",
              "ZOrder": 0,
              "actiontag": 24,
              "anchorPointX": 0.5,
              "anchorPointY": 0.5,
              "classType": null,
              "colorB": 255,
              "colorG": 255,
              "colorR": 255,
              "flipX": false,
              "flipY": false,
              "height": 99,
              "ignoreSize": true,
              "layoutParameter": null,
              "opacity": 255,
              "positionPercentX": -0.08125009,
              "positionPercentY": -0.419140458,
              "positionType": 0,
              "rotation": 0,
              "scaleX": 1,
              "scaleY": 1,
              "sizePercentX": 0.16,
              "sizePercentY": 0.149999991,
              "sizeType": 0,
              "tag": 6,
              "touchAble": true,
              "useMergedTexture": false,
              "visible": true,
              "width": 149,
              "x": -78,
              "y": -268,
              "capInsetsHeight": 23.333334,
              "capInsetsWidth": 50,
              "capInsetsX": 50,
              "capInsetsY": 23.333334,
              "disabled": null,
              "disabledData": {
                "path": null,
                "plistFile": null,
                "resourceType": 0
              },
              "normal": null,
              "normalData": {
                "path": "menu.png",
                "plistFile": null,
                "resourceType": 0
              },
              "pressed": null,
              "pressedData": {
                "path": "menu_selected.png",
                "plistFile": null,
                "resourceType": 0
              },
              "scale9Enable": false,
              "scale9Height": 99,
              "scale9Width": 149
            }
          },
          {
            "classname": "Button",
            "name": null,
            "children": [],
            "options": {
              "__type": "ComGUIButtonSurrogate:#EditorCommon.JsonModel.Component.GUI",
              "classname": "Button",
              "name": "btnMaps",
              "ZOrder": 0,
              "actiontag": 28,
              "anchorPointX": 0.5,
              "anchorPointY": 0.5,
              "classType": null,
              "colorB": 255,
              "colorG": 255,
              "colorR": 255,
              "flipX": false,
              "flipY": false,
              "height": 103,
              "ignoreSize": true,
              "layoutParameter": null,
              "opacity": 255,
              "positionPercentX": 0.387239575,
              "positionPercentY": 0.41015625,
              "positionType": 0,
              "rotation": 0,
              "scaleX": 1,
              "scaleY": 1,
              "sizePercentX": 0.12,
              "sizePercentY": 0.16,
              "sizeType": 0,
              "tag": 10,
              "touchAble": true,
              "useMergedTexture": false,
              "visible": true,
              "width": 115,
              "x": 371,
              "y": 262,
              "capInsetsHeight": 33.3333321,
              "capInsetsWidth": 33.3333321,
              "capInsetsX": 33.3333321,
              "capInsetsY": 33.3333321,
              "disabled": null,
              "disabledData": {
                "path": null,
                "plistFile": null,
                "resourceType": 0
              },
              "normal": null,
              "normalData": {
                "path": "maps.png",
                "plistFile": null,
                "resourceType": 0
              },
              "pressed": null,
              "pressedData": {
                "path": "maps_selected.png",
                "plistFile": null,
                "resourceType": 0
              },
              "scale9Enable": false,
              "scale9Height": 103,
              "scale9Width": 115
            }
          },
          {
            "classname": "Button",
            "name": null,
            "children": [],
            "options": {
              "__type": "ComGUIButtonSurrogate:#EditorCommon.JsonModel.Component.GUI",
              "classname": "Button",
              "name": "btnNotice",
              "ZOrder": 0,
              "actiontag": 29,
              "anchorPointX": 0.5,
              "anchorPointY": 0.5,
              "classType": null,
              "colorB": 255,
              "colorG": 255,
              "colorR": 255,
              "flipX": false,
              "flipY": false,
              "height": 130,
              "ignoreSize": true,
              "layoutParameter": null,
              "opacity": 255,
              "positionPercentX": 0.23046872,
              "positionPercentY": 0.396875,
              "positionType": 0,
              "rotation": 0,
              "scaleX": 1,
              "scaleY": 1,
              "sizePercentX": 0.199999988,
              "sizePercentY": 0.199999988,
              "sizeType": 0,
              "tag": 11,
              "touchAble": true,
              "useMergedTexture": false,
              "visible": false,
              "width": 190,
              "x": 221,
              "y": 254,
              "capInsetsHeight": 43.3333321,
              "capInsetsWidth": 63.3333321,
              "capInsetsX": 63.3333321,
              "capInsetsY": 43.3333321,
              "disabled": null,
              "disabledData": {
                "path": null,
                "plistFile": null,
                "resourceType": 0
              },
              "normal": null,
              "normalData": {
                "path": "notice.png",
                "plistFile": null,
                "resourceType": 0
              },
              "pressed": null,
              "pressedData": {
                "path": "notice.png",
                "plistFile": null,
                "resourceType": 0
              },
              "scale9Enable": false,
              "scale9Height": 130,
              "scale9Width": 190
            }
          },
          {
            "classname": "ImageView",
            "name": null,
            "children": [],
            "options": {
              "__type": "ComGUIImageViewSurrogate:#EditorCommon.JsonModel.Component.GUI",
              "classname": "ImageView",
              "name": "ImageView",
              "ZOrder": 0,
              "actiontag": 30,
              "anchorPointX": 0.5,
              "anchorPointY": 0.5,
              "classType": null,
              "colorB": 255,
              "colorG": 255,
              "colorR": 255,
              "flipX": false,
              "flipY": false,
              "height": 130,
              "ignoreSize": true,
              "layoutParameter": null,
              "opacity": 255,
              "positionPercentX": -0.3786458,
              "positionPercentY": -0.4035156,
              "positionType": 0,
              "rotation": 0,
              "scaleX": 1,
              "scaleY": 1,
              "sizePercentX": 0.24,
              "sizePercentY": 0.199999988,
              "sizeType": 0,
              "tag": 12,
              "touchAble": false,
              "useMergedTexture": false,
              "visible": false,
              "width": 230,
              "x": -363,
              "y": -258,
              "capInsetsHeight": 43.3333321,
              "capInsetsWidth": 76.6666641,
              "capInsetsX": 76.6666641,
              "capInsetsY": 43.3333321,
              "fileName": null,
              "fileNameData": {
                "path": "label.png",
                "plistFile": null,
                "resourceType": 0
              },
              "scale9Enable": false,
              "scale9Height": 130,
              "scale9Width": 230
            }
          },
          {
            "classname": "ImageView",
            "name": null,
            "children": [],
            "options": {
              "__type": "ComGUIImageViewSurrogate:#EditorCommon.JsonModel.Component.GUI",
              "classname": "ImageView",
              "name": "ImageView",
              "ZOrder": 0,
              "actiontag": 31,
              "anchorPointX": 0.5,
              "anchorPointY": 0.5,
              "classType": null,
              "colorB": 255,
              "colorG": 255,
              "colorR": 255,
              "flipX": false,
              "flipY": false,
              "height": 129,
              "ignoreSize": true,
              "layoutParameter": null,
              "opacity": 255,
              "positionPercentX": -0.305729181,
              "positionPercentY": 0.3988281,
              "positionType": 0,
              "rotation": 0,
              "scaleX": 1,
              "scaleY": 1,
              "sizePercentX": 0.39,
              "sizePercentY": 0.199999988,
              "sizeType": 0,
              "tag": 13,
              "touchAble": false,
              "useMergedTexture": false,
              "visible": true,
              "width": 377,
              "x": -293,
              "y": 255,
              "capInsetsHeight": 43.3333321,
              "capInsetsWidth": 106.666664,
              "capInsetsX": 106.666664,
              "capInsetsY": 43.3333321,
              "fileName": null,
              "fileNameData": {
                "path": "role.png",
                "plistFile": null,
                "resourceType": 0
              },
              "scale9Enable": false,
              "scale9Height": 129,
              "scale9Width": 377
            }
          }
        ],
        "options": {
          "__type": "ComGUIImageViewSurrogate:#EditorCommon.JsonModel.Component.GUI",
          "classname": "ImageView",
          "name": "ImageView",
          "ZOrder": 1,
          "actiontag": 20,
          "anchorPointX": 0.5,
          "anchorPointY": 0.5,
          "classType": null,
          "colorB": 255,
          "colorG": 255,
          "colorR": 255,
          "flipX": false,
          "flipY": false,
          "height": 640,
          "ignoreSize": true,
          "layoutParameter": null,
          "opacity": 255,
          "positionPercentX": 0.5,
          "positionPercentY": 0.502083361,
          "positionType": 0,
          "rotation": 0,
          "scaleX": 0.75,
          "scaleY": 0.75,
          "sizePercentX": 1.32999992,
          "sizePercentY": 1.32999992,
          "sizeType": 0,
          "tag": 2,
          "touchAble": false,
          "useMergedTexture": false,
          "visible": true,
          "width": 960,
          "x": 360,
          "y": 241,
          "capInsetsHeight": 160,
          "capInsetsWidth": 240,
          "capInsetsX": 240,
          "capInsetsY": 160,
          "fileName": null,
          "fileNameData": {
            "path": "background.png",
            "plistFile": null,
            "resourceType": 0
          },
          "scale9Enable": false,
          "scale9Height": 640,
          "scale9Width": 960
        }
      }
    ],
    "options": {
      "__type": "ComGUIPanelSurrogate:#EditorCommon.JsonModel.Component.GUI",
      "classname": "Panel",
      "name": "Panel",
      "ZOrder": 0,
      "actiontag": -1,
      "anchorPointX": 0,
      "anchorPointY": 0,
      "classType": null,
      "colorB": 255,
      "colorG": 255,
      "colorR": 255,
      "flipX": false,
      "flipY": false,
      "height": 480,
      "ignoreSize": false,
      "layoutParameter": null,
      "opacity": 255,
      "positionPercentX": 0,
      "positionPercentY": 0,
      "positionType": 0,
      "rotation": 0,
      "scaleX": 1,
      "scaleY": 1,
      "sizePercentX": 0.01,
      "sizePercentY": 0.01,
      "sizeType": 0,
      "tag": 1,
      "touchAble": false,
      "useMergedTexture": false,
      "visible": true,
      "width": 720,
      "x": 0,
      "y": 0,
      "backGroundImage": null,
      "backGroundImageData": null,
      "backGroundScale9Enable": false,
      "bgColorB": 255,
      "bgColorG": 200,
      "bgColorOpacity": 255,
      "bgColorR": 150,
      "bgEndColorB": 0,
      "bgEndColorG": 0,
      "bgEndColorR": 0,
      "bgStartColorB": 0,
      "bgStartColorG": 0,
      "bgStartColorR": 0,
      "capInsetsHeight": 0,
      "capInsetsWidth": 0,
      "capInsetsX": 0,
      "capInsetsY": 0,
      "clipAble": false,
      "colorType": 1,
      "layoutType": 0,
      "vectorX": 0,
      "vectorY": 0
    }
  }
}